Artikelname,Gang
Hofladen-Sauerland.de Listung - Vertrieb - Logistik - Werbeumlage  je Monat,1
Trauben hell Seedless,4
Neontasse Pia Grün,15
Umhängetasche Raustun 2 wähle Deine Farbe,22
Monatliche Support Umlage lt. Kooperationsvertrag,15
Versandkosten verschiedene Anschriften,1
Schlüsselanhänger Willi,13
Geschenkkorb - Sauerländer Gaumenschmaus,27
Geschenkkorb - Sauerland exklusiv,9
Winterberg von oben,27
Apfelchutney,1
Spülbürste aus Buchenholz,1
Bio Punsch Apfel-Kirsch-Holunder alkoholfrei,20
Weinberg-Pfirsich Likör,12
Whiskey Vanille Likör,20
Winter Sahne Likör,12
Heidis Haselnuss Likör,4
Edler Amaretto Likör,1
Weißer Schokozauber Likör,18
"Roggen Whisky mild 0,1l",17
Foffos Sauerlända Haselnuss Pinnchen 20 ml,8
Foffos Sauerlända Apfelkorn Pinnchen 20 ml,24
Foffos Sauerlända Zitrone Pinnchen 20 ml,14
Sauerland. 55 Highlights aus der Geschichte,15
Rasierhobel inkl. 10 Klingen,15
10er Rasierklingen,4
Gebäck Von Herzen,18
Bio Spirelli glutenfrei,30
Dinkelvollkorn Spaghetti,1
Bunte Spirelli,8
Steinpilz Nudeln,2
Bandnudeln,3
Spiralen ohne Ei,19
Bio Spirelli,30
Bio Spiralen,10
Kalbsgulasch,27
Rosenkohl Netz,29
Tasse Timo Bart pink,20
Bierkrug Deluxe,15
"Apfelsaft klar 0,7l",25
"Orangensaft 0,7l",25
Barbara Rhabarber Likör,6
Feiner Korn,21
99 x Bergisches Land und Sauerland für Motorradfahrer,4
Woksauce,26
Mango Chutney,20
Bio Saure Würmer,10
Penne Nudeln,4
Hörnchen Nudeln,27
